[
  {
    "name": "Дэвид",
    "surname": "Кадиев",
    "photo": "dave.jpg",
    "specialties": "человек, ученик яндекса, гитарист, студент"
  },
  {
    "name": "Илья",
    "surname": "Келехсаев",
    "photo": "ilya.jpg",
    "specialties": "школьник, почти человек, геншинфаг"
  },
  {
    "name": "Кира",
    "surname": "Караева",
    "photo": "kira.jpg",
    "specialties": "лучшая женщина на свете, студентка, красотка, художница"
  }
]